[
  {
    "id": "tbm-vanilla",
    "name": "Tahitian Vanilla Syrup",
    "price": "$14",
    "img": "https://images.unsplash.com/photo-1517705008128-361805f42e86?q=80&w=1200&auto=format&fit=crop",
    "description": "Silky, aromatic vanilla made with whole beans. Latte + cocktail approved.",
    "badges": [
      "no‑additives",
      "small‑batch"
    ],
    "stripeUrl": "#replace-with-stripe-link-vanilla"
  },
  {
    "id": "tbm-dem-syrup",
    "name": "Demerara Rich Syrup (2:1)",
    "price": "$12",
    "img": "https://images.unsplash.com/photo-1514362545857-3bc16c4c76a2?q=80&w=1200&auto=format&fit=crop",
    "description": "Deep caramel notes for Old Fashioneds, iced coffee, and more.",
    "badges": [
      "bar‑ready",
      "vegan"
    ],
    "stripeUrl": "#replace-with-stripe-link-dem"
  },
  {
    "id": "tbm-margarita-kit",
    "name": "Margarita Starter Kit",
    "price": "$32",
    "img": "https://images.unsplash.com/photo-1551537482-f2075a1d41f2?q=80&w=1200&auto=format&fit=crop",
    "description": "Lime cordial + salted rim mix + recipe card. Just add tequila.",
    "badges": [
      "giftable",
      "party‑proof"
    ],
    "stripeUrl": "#replace-with-stripe-link-marg",
    "featured": true
  }
]