[
  {
    "id": "recipe-oldf",
    "name": "5‑Minute Old Fashioned",
    "img": "https://images.unsplash.com/photo-1604908554007-49f7b0b2d3fb?q=80&w=1200&auto=format&fit=crop",
    "blurb": "Classic, balanced, never bitter.",
    "href": "#"
  },
  {
    "id": "recipe-espresso-tini",
    "name": "Velvet Espresso Martini",
    "img": "https://images.unsplash.com/photo-1541976076758-347942db1971?q=80&w=1200&auto=format&fit=crop",
    "blurb": "Bar‑quality foam at home.",
    "href": "#"
  },
  {
    "id": "recipe-marg",
    "name": "Crisp House Margarita",
    "img": "https://images.unsplash.com/photo-1631085260350-9f3f0c3d9a46?q=80&w=1200&auto=format&fit=crop",
    "blurb": "Bright, balanced, no mixes.",
    "href": "#"
  }
]