{
  "name": "The Bottled Mixologist",
  "tagline": "Small-batch syrups, bar kits & cocktail education",
  "pitch": "Clean‑label flavors, zero sketchy additives. Handcrafted in small batches for effortless, bar‑quality drinks at home.",
  "email": "hello@thebottledmixologist.com",
  "socials": {
    "instagram": "https://instagram.com/",
    "youtube": "https://youtube.com/"
  },
  "usp": [
    {
      "icon": "leaf",
      "text": "Clean‑label ingredients"
    },
    {
      "icon": "shield",
      "text": "Small‑batch quality"
    },
    {
      "icon": "truck",
      "text": "Fast shipping"
    }
  ]
}